"Status","Start Time","Stop Time","Duration in ms","Parent Suite","Suite","Sub Suite","Test Class","Test Method","Name","Description"
"passed","Thu May 27 18:36:53 CST 2021","Thu May 27 18:36:53 CST 2021","0","testCase","test_login","TestLogin","","","test_login_oi05",""
"passed","Thu May 27 18:36:53 CST 2021","Thu May 27 18:36:53 CST 2021","0","testCase","test_login","TestLogin","","","test_login_oi07",""
"passed","Thu May 27 18:36:53 CST 2021","Thu May 27 18:36:53 CST 2021","0","testCase","test_product","TestProduct","","","test_product_01",""
"skipped","Thu May 27 18:36:53 CST 2021","Thu May 27 18:36:53 CST 2021","0","testCase","test_login","TestLogin","","","test_login_oi06",""
"passed","Thu May 27 18:36:53 CST 2021","Thu May 27 18:36:53 CST 2021","1","testCase","test_login","TestLogin","","","test_login_os01[004]",""
"passed","Thu May 27 18:36:53 CST 2021","Thu May 27 18:36:53 CST 2021","0","testCase","test_login","TestLogin","","","test_login_os01[003]",""
"passed","Thu May 27 18:36:53 CST 2021","Thu May 27 18:36:53 CST 2021","0","testCase","test_login","TestLogin","","","test_login_os01[002]",""
"passed","Thu May 27 18:36:53 CST 2021","Thu May 27 18:36:53 CST 2021","0","testCase","test_login","TestLogin","","","test_login_oi04",""
"passed","Thu May 27 18:36:53 CST 2021","Thu May 27 18:36:53 CST 2021","0","testCase","test_login","TestLogin","","","test_login_or03",""
"passed","Thu May 27 18:36:53 CST 2021","Thu May 27 18:36:53 CST 2021","0","testCase","test_login","TestLogin","","","test_login_os01[001]",""
"passed","Thu May 27 18:36:53 CST 2021","Thu May 27 18:36:53 CST 2021","0","testCase","test_login","TestLogin","","","test_login_os02",""
